확정번호,처음잡힌시각,조각수,읽은횟수,인식까지_초,최고글자확신도,사진파일
162고8802,00:00.00,1,59,0.0,1.0,차002_162고8802.jpg
35구7028,00:00.27,1,53,0.1,0.997,차007_35구7028.jpg
15무6075,00:01.47,1,55,0.0,0.983,차025_15무6075.jpg
85오9860,00:01.87,1,55,0.0,1.0,차036_85오9860.jpg
379로4234,00:03.67,1,55,0.2,0.987,차063_379로4234.jpg
247저3728,00:05.47,1,66,0.0,0.997,차079_247저3728.jpg
02나0575,00:05.77,1,48,0.0,1.0,차089_02나0575.jpg
184누9165,00:08.40,1,20,0.0,0.997,차134_184누9165.jpg
820소1486,00:10.41,1,49,0.0,0.999,차153_820소1486.jpg
36호4119,00:12.84,1,67,0.13,0.967,차158_36호4119.jpg
296수6414,00:13.61,1,39,0.03,1.0,차176_296수6414.jpg
37오7984,00:14.57,1,74,0.0,1.0,차181_37오7984.jpg
51수8230,00:17.81,1,61,0.0,1.0,차225_51수8230.jpg
146버8710,00:17.88,1,67,0.0,0.977,차227_146버8710.jpg
63다8061,00:19.18,1,73,0.0,1.0,차232_63다8061.jpg
42구1463,00:20.14,1,64,0.0,1.0,차242_42구1463.jpg
838두6096,00:22.24,1,64,0.0,0.996,차262_838두6096.jpg
경기85자5215,00:22.28,1,28,0.23,0.968,차263_경기85자5215.jpg
65모4275,00:23.11,1,66,0.0,0.999,차270_65모4275.jpg
181두3002,00:25.98,1,69,0.07,0.972,차274_181두3002.jpg
서울33자7750,00:29.38,1,48,0.0,0.989,차318_서울33자7750.jpg
337저1901,00:30.88,1,71,0.0,1.0,차319_337저1901.jpg
153구2351,00:31.88,1,49,0.0,0.996,차342_153구2351.jpg
58조3904,00:32.25,1,86,0.0,1.0,차343_58조3904.jpg
196버4681,00:33.48,1,43,0.13,0.988,차366_196버4681.jpg
289거4831,00:34.38,1,107,0.07,0.998,차367_289거4831.jpg
266하1798,00:35.48,1,37,0.13,0.968,차383_266하1798.jpg
35어9031,00:37.59,1,54,0.0,0.984,차397_35어9031.jpg
137누7558,00:39.25,1,70,0.03,0.999,차414_137누7558.jpg
인천30바5346,00:40.62,1,83,0.0,0.97,차418_인천30바5346.jpg
805도7274,00:41.79,1,68,0.0,1.0,차420_805도7274.jpg
91어9081,00:42.86,1,73,0.07,0.98,차421_91어9081.jpg
10하8105,00:44.62,1,60,0.17,0.986,차427_10하8105.jpg
86우5311,00:46.62,1,67,0.07,1.0,차436_86우5311.jpg
21도5742,00:46.82,1,79,0.0,0.999,차437_21도5742.jpg
332저7678,00:48.02,1,92,0.0,1.0,차438_332저7678.jpg
343나2012,00:49.79,1,58,0.0,0.999,차456_343나2012.jpg
235호6886,00:51.43,1,96,0.0,1.0,차458_235호6886.jpg
04소3518,00:52.23,1,50,0.0,0.999,차480_04소3518.jpg
112머6858,00:53.36,1,13,0.0,0.992,차481_112머6858.jpg
인천31바1211,00:54.33,1,64,0.0,0.997,차487_인천31바1211.jpg
90더8078,00:54.56,1,94,0.0,1.0,차488_90더8078.jpg
252머2561,00:56.56,1,86,0.03,0.996,차490_252머2561.jpg
20부0561,00:59.13,1,27,0.03,0.999,차498_20부0561.jpg
207너4692,00:59.50,1,16,0.0,0.997,차501_207너4692.jpg
